Post_Title,Post_ID,Post_Date,Post_Score,Comment_Text,Comment_ID,Comment_Author,Comment_Score,Comment_Date,Ticker,Ticker_Mentions_In_Comment,Ticker_Mentions_In_Post,Is_Hinglish,Hinglish_Score,VADER_Sentiment,TextBlob_Sentiment,Combined_Sentiment,VADER_Compound,TextBlob_Polarity
Survived a Credit Card fraud today. Sharing my experience for an educational purpose.,p7cc6r,2021-08-19,1093,"I personally believe that the scammers get the data in bulk through lower tier data entry operators in banks. These people are paid 10k as monthly salary and then given personal details of lakhs of customers. Having worked in a bank, data security is not of paramount importance within its walls tbh. So these people sell the data t maybe 5 paise per person's data or maybe even 10 paise. Selling 10,000 persons' data would fetch anywhere from 500-1000 bucks and its free money. With almost no risk. And even if they get caught they are just fired since banks don't want the data leak to be public information. When I took a SBI CC i got a call almost one week later wherein a lady said that I had pending sign up offers and that my CVV needs to be shared. She had my details down to a lick including current card limit. I refused. Thereafter i blocked international transactions. Immediately after that there was a similar call asking me to share OTP for some credit limit increase. Its like they were aware that my international transactions were blocked. IDK how.",k913bhr,[deleted],2,2023-11-13,SBIN.NS,1,0,True,5,Negative,Neutral,bearish,-1,0
Survived a Credit Card fraud today. Sharing my experience for an educational purpose.,p7cc6r,2021-08-19,1093,"I think not sharing the OTP saved you a lot of money and mental harassment. Victims get communication from fraudsters impersonating NBFC employees and offer loans or credit enhancement limits with just a phone call. Once you call the number, the fraudsters either ask you to fill privy financial details or share OTP or PIN details, resulting in loss of money. These days, credit card frauds are becoming so rampant and especially post COVID, people are playing on the vulnerabilities of the ones that have been affected financially. Increasing credit limits and offering free credit cards with no processing fee are ways to lure people into giving away money. My knowledge on fraud awareness by **Bajaj Finserv** and SBI also tells me that scam types include blocking the card if you don‚Äôt perform an action, threatening to suspend accounts, counterfeit and skimming frauds, honestly, the list is endless. I had received an email asking me to click on a link to update my KYC details or my no-cost EMI card from them would be blocked. Fortunately, I remember having updated all my information with my bank and no further checks were pending. I contacted my bank rather than responding to the email and was told everything was ok and no action was pending from my end. In fact your experience reminded me of an article that I happened to go through [ I often follow these tips since I have heard of so many near and dear ones become victims of fraud.",hh7snbw,shifalisharma1,1,2021-10-19,SBIN.NS,1,0,True,3,Negative,Positive,neutral,-1,1
Survived a Credit Card fraud today. Sharing my experience for an educational purpose.,p7cc6r,2021-08-19,1093,"I am glad to hear that you did not become a victim of fraud. It is good that you were aware and became suspicious that the call was a fraud. But everyone is not that lucky. Many people have fallen prey to the tactics of these fraudsters and have lost their precious money. So never share your OTP with anyone. Even if someone from your bank calls you and asks for your OTP, be wary. You never know that it is a genuine person or fraudster, as we have seen in this post. Even banks and NBFCs like HDFC, SBI, PNB, **Bajaj Finance**, and others keep reminding their customers not to share their OTP. This article will provide information about OTP theft and how to protect yourself:",huk8nao,Little-combinations,1,2022-01-28,SBIN.NS,1,0,True,2,Negative,Positive,neutral,-1,1
A beginner's guide to investing in the bond market (and debt mutual funds).,krjbnl,2021-01-06,922,"One important point around investing in bonds - especially important in today's low interest rate situation is the call option on bonds. This is a big risk factor to consider when you want to buy a bond. For example, the SBI 9.99% bonds which are very popular have a call option in the third week of March; should they call them back, your actual YTM will be much lower than what you would have thought [ is a great site to look at bond details in a single place. The Corporate announcements section on the BSE website on the ISIN page also aggregates announcements about record dates, interest payments etc",giefne8,offensive-owl,2,2021-01-07,SBIN.NS,1,0,True,2,Positive,Positive,bullish,1,1
"PSA: Don't clutter your mind with chasing stupid cashback program, credit card offers, or privileged banking",n6xif1,2021-05-07,746,"It‚Äôs not always a bad thing. Ex: My two cards, SBI and ICICI Amazon give me points/cashback. I use SBI to pay bills in restaurants, swiggy or any other monthly bills I‚Äôve got to pay for my house. That helps me earn points. I convert them to Amazon Gift Cards and use them to buy smaller stuff. I just got myself a mouse and HDMI plug from these points. All I did was pay bills I already had to pay. Just used the card. Same with ICICI. To shop on Amazon I use that card. Get cashback on it. I would say it‚Äôs more of a choice on how sensible you are when you use your card. All cards now have a built in function to limit expenses after a certain amount. If you don‚Äôt trust yourself with it, don‚Äôt get your CC limit extended by the bank.",gx9o7gy,OwlAmongDonkeys,95,2021-05-07,SBIN.NS,2,0,True,3,Positive,Neutral,bullish,1,0
"PSA: Don't clutter your mind with chasing stupid cashback program, credit card offers, or privileged banking",n6xif1,2021-05-07,746,"Now that is kind of generalizing. Consider this, everyone has certain number of expenses to pay for, now its up to you if you want to pay with net banking or with credit card and get 1-2% of it back? Credit cards charge a fee to merchants which they can give back to customers, which you can take advantage of. If you can be disciplined enough to pay your credit cards in time, there are lot of benefits. \- Credit Card based offers in Amazon and Flipkart festival sales \- Lounge Access in Airports (Free food) \- Cashback reward points \- Free Movie Tickets I had paid my Honeymoon flight tickets to Vietnam through HDFC Regalia Points. I still have about 60k points in it, which converts to 30k worth flight ticket. Have seen about 10+ movies for free and used about 15k worth Central Voucher through SBI Card. My expenses are mostly related to softwares which are unavoidable. I am huge fan of Credit Cards (when used correctly), have researched quite a bit for an article. [",gxcx0tk,vishwesh_shetty,9,2021-05-08,SBIN.NS,1,0,True,2,Positive,Positive,bullish,1,1
"PSA: Don't clutter your mind with chasing stupid cashback program, credit card offers, or privileged banking",n6xif1,2021-05-07,746,"I have a HDFC imperia account. Got invite for Infinia. I still can‚Äôt decide if i have time & energy of keep track of reward points, its value conversion & redemption headache. I do want want to keep strategising about where to use how to redeem etc. I would rather choose to focus on evaluating better investments (stocks & real state) So, i got rid of most of the ‚Äúreward‚Äù cards (i did hold 16 cards) Keeping only ‚Äúlifetime free‚Äù for each bank to be used during sale (usual 10% offer) SBI Cashback Card on the way (offers 5% cashback on all online spends with no restrictions with respect to merchants). So this would cover regular online spends. Flipkart Axis bank (1.5% for all offline spends) will cover all offline spends.",iqaq17h,4poorv,1,2022-09-29,SBIN.NS,1,0,True,5,Positive,Positive,bullish,1,1
Ask Me Anything about investing in Mutual Funds,14qcq7h,2023-07-04,701,I've been investing on SBI Small Cap and Canara Robeco Emerging Equities and have been getting decent returns. Do we keep investing in same funds forever or do we need to exit some MF after a few years and look for any new ones?,jqml4wq,pr1m347,1,2023-07-04,SBIN.NS,1,0,True,2,Neutral,Neutral,neutral,0,0
How to see if a bank is risky for placing your deposits? [A guide from a banker],jwesme,2020-11-18,700,"I am an IDFC First Bank customer and checked the parameters mentioned by OP. I did the research so you don't have to! 1. Capital Adequacy is at 14.73 (Greater than 12 is good) 2. Gross NPA at 1.62 (Less than 5 is good) Net NPA is at 0.43 3. Share price has grown from 25.70 on June 30 to 29.95 on September 30 (16.5% increase) 4. Bank is not in the list of RBI PCA All the params are in green, so it's a safe bank for at least the next quarter. All the above mentioned things take approximately 15 minutes every 3 months to assess. It's good to check it every 3 months as things can't tank to the basement. If you feel uncomfortable, shifting to SBI would be a better option!",gcpw9ap,sansays,177,2020-11-18,SBIN.NS,1,0,True,2,Positive,Positive,bullish,1,1
How to see if a bank is risky for placing your deposits? [A guide from a banker],jwesme,2020-11-18,700,"Most Banks are still very far enough from any moratorium type position. It is unlikely that any big SFB or Bank will fail. So if you have money either in Bandhan, Ujjivan, AU or anybank which has to report numbers every quarterly it is unlikely that will fail, LVB was in trouble for a very long time, it has been no surprise that it was acquired by DBS. I also own a bank account which is in a smaller type of Bank(RBL) but for safety I have an alternate account in Kotak Mahindra. As long as you don't have a major amount of money in a corporate bank whose numbers you cannot find and the amount is north worth of 5 lakhs, I wouldn't worry about anything. In terms of safety, these banks are too big to fail as per RBI are SBI, HDFC and ICICI. A very important point to note is there has been no loss of depositors money in any of the bank failures and even in the unlikely event of a very big bank bank failing, it is unlikely the RBI or/and government will let it fail. A simple rule of thumb I use is keep atleast one bank account in one of the following banks - SBI, HDFC, ICICI and Kotak (in the order)",gcpw90h,GodofObertan,7,2020-11-18,SBIN.NS,2,0,True,4,Negative,Neutral,bearish,-1,0
How to see if a bank is risky for placing your deposits? [A guide from a banker],jwesme,2020-11-18,700,"This is a great list. However, I have concerns on using point 3. Applied mechanically, it would have shown SBI and HDFC also to be very bad in end-Mar 2020. Share prices are a function of the company, the sector and the whole market. The first two parameters that you mentioned are solid ; you have, rightly, mentioned that the 'ideal' ratios could change with the economic situation. This applies far more to the share price.",gcqa8gj,srinivesh,3,2020-11-18,SBIN.NS,1,0,True,3,Positive,Positive,bullish,1,1
[YEARLY POST] List down the mutual funds in which you are currently investing?,pwn7r9,2021-09-27,595,Equity funds (8) Motilal S&P500 Motilal Nasdaq 100 Edelweiss China UTI Nifty UTI Nifty Next Motilal MidCap150 Motilal Small cap 250 Parag Parikh Flexicap Debt Funds (10) Kotak dynamic Bond Fund Canara Robeco conservative Hybrid ABSL Savings ABSL Floating rate Axis treasury advantage HDFC Short term Axis Banking and PSU HDFC Corp Bond SBI Constant Maturity Edelweiss arbitrage Axis liquid fund I know it's a lot. But I don't sell. Mostly buy and hold other than tax harvesting.,hejp5ou,adane1,5,2021-09-28,SBIN.NS,1,0,True,2,Positive,Neutral,bullish,1,0
[YEARLY POST] List down the mutual funds in which you are currently investing?,pwn7r9,2021-09-27,595,1. Aditya Birla Sunlife liquid fund- one time investment 2. DSP tax saver fund- Sip 3. IDBI equity advantage fund- Sip 4. Parag Parikh Flexi cap fund- sip 5. Sbi blue chip fund- one time investment 6.Uti liquid fund- one time investment,hejtn0f,[deleted],5,2021-09-28,SBIN.NS,1,0,True,2,Positive,Neutral,bullish,1,0
[YEARLY POST] List down the mutual funds in which you are currently investing?,pwn7r9,2021-09-27,595,"1. Axis Bluechip Fund - Low AUM and TER among non-index large cap and top 5 in the category 2. Parag Parikh Flexicap Fund - The AUM is quickly increasing, so I am continuing to invest with gradually decreasing the amount and moving to the PGIM fund below 3. PGIM Flexicap Fund - recently added to portfolio, great performance over time 4. Mirae Nyse Fang ETF FoF - Gives foreign trch industry exposure. I love tech and FAANGM and would love to stay invested. 5. Edelweiss Balanced Advantage Fund - My excuse for not investing a lot in debt fund. Hoping this fund switches it's majority portfolio from equity to debt if the equity situation goes bad 6. SBI magnum medium duration - finally 1 debt fund with average returns",hekadas,Xe0nDunBorn,3,2021-09-28,SBIN.NS,1,0,True,3,Positive,Positive,bullish,1,1
[YEARLY POST] List down the mutual funds in which you are currently investing?,pwn7r9,2021-09-27,595,"Active Investments: SIP -- Rs.12,000 -- SBI Small Cap fund (started with 5k in 2018, increased it to 10k since 2019) SIP -- Rs. 7,000 -- Mirae Tax Saver (for Tax Savings; will try to maxout 1.5L with VPF next year) Lumpsum every month -- Rs. (Total Savings minus SIPs, \~35k) -- PP Flexi Cap fund (started recently) EPF: \~12.5k (Me + Employer) Until 2020 end, I used to have SIPs in SBI Small Cap (10k) and Axis ELSS (10k). But after recent pay rises, PPFC is going to have most of monthly investment &#x200B; Stopped Investing: Axis ELSS -- will be moved to PPFC after lock-in Kotak Flexi Cap -- being moved to PPFC (as part of consolidating MFs to minimum)",hek4myt,345cc,2,2021-09-28,SBIN.NS,2,0,True,3,Negative,Neutral,bearish,-1,0
[YEARLY POST] List down the mutual funds in which you are currently investing?,pwn7r9,2021-09-27,595,"Debt: * Nippon India Arbitrage Growth Direct Plan (redeem and reinvest every year for capital gains) * PPF * PF Equity: * UTI NIFTY INDEX GROWTH DIRECT PLAN * UTI NIFTY NEXT 50 INDEX GROWTH DIRECT PLAN * Parag Parikh Flexi Cap Growth Direct Plan * HDFC SMALL CAP GROWTH DIRECT PLAN * Axis Small Cap Growth Direct Plan (sunsetting*) * SBI BLUE CHIP GROWTH DIRECT PLAN (sunsetting*) sunsetting - redeeming whenever I can, aiming for least tax/load hit. Please share views.",hekikgd,namednone,2,2021-09-28,SBIN.NS,1,0,True,2,Positive,Neutral,bullish,1,0
[YEARLY POST] List down the mutual funds in which you are currently investing?,pwn7r9,2021-09-27,595,Axis long term equity fund Axis mid cap fund Dsp equity opportunities Dsp taxsaver fund Icici pru bluechip fund Icici pri long term equity fund Icici pru value discovery fund Invesco India growth opportunities fund Invesco India taxplan Mirae asset large cap fund Motilal oswal nasdaq 100 fund of fund Pgim India mid cap opportunities fund Quant active fund SBI bluechip fund SBI magnum global fund Nippon India Liquid Fund I need advice. Is it correct to invest in many funds or stick to few. I got good returns from all funds over years.,hei6b51,bhagravi123,3,2021-09-28,SBIN.NS,2,0,True,2,Positive,Neutral,bullish,1,0
[YEARLY POST] List down the mutual funds in which you are currently investing?,pwn7r9,2021-09-27,595,Equity SIP: Axis Blue Chip Mirae Asset Emerging BlueChip Adhoc Monthly investments: Parag Parikh Flexi cap fund ICICI Prudential Sensex Index Fund UTI Nifty Index Fund ICICI Prudential Technology Nippon India Pharma Fund Axis Small Cap Tata India Consumer Fund SBI Blue Chip. (Stopped adding to it and went for sectoral bets above) Debt: ICICI pru ultra short term Debt - Very small Lumpsum. Will close and move to PPF after it reaches 3 years Plan to reduce the funds after they reach LTCG status. Any advice welcome,hejytsj,AneelllK,1,2021-09-28,SBIN.NS,1,0,True,3,Positive,Neutral,bullish,1,0
"Curious case of CRED coins usage, is it really BREAD app",ms06v6,2021-04-16,492,"My mom uses an SBI credit card. She pays her bills in the SBI cards site. Over the last 2-3 years, we've accumulated many points using which we bought kitchenware(Knives set from Victorinox), suitcase (Victorinox) and many 500-1000 rupees coupons for Flipkart and Amazon. Although the UI is not as smooth as CRED, we got ACTUAL rewards that were worth something. So I would prefer that shitty UI any day as long as I get real rewards and not the trash listed on CRED.",guqiby4,mydickupyourmomsass,0,2021-04-16,SBIN.NS,2,0,True,3,Positive,Positive,bullish,1,1
I found this solid PPF advice and want to share with this community,1lsg1ha,2025-07-05,493,"To all the peeps who might not know and to addon to OPs post - Tip 1: You don‚Äôt add money in PPF, when it‚Äôs about time to submit investment forms ( Jan - Mar) but instead deposit it in start of financial year I.e. April so that you can get interest for the full year. Tip 2: This is super wisdom ü¶∑ tooth - never make the mistake of transferring funds on 1 Apr. 1 Apr is bank reconciliation day and amounts are returned back. This may go unnoticed specially if it‚Äôs a bank like SBI and leads to a penalty if not reinitiated. Tip 3: You can make a partial withdrawal, if needed for an emergency üÜò however, you must not default on yearly payment. I.e. every year you must make a deposit of atleast Rs 500 but don‚Äôt make the mistake of skipping putting money in a financial year Tip 4: This may not be true now because tax regime has changed but 1.5L is the total tax benefit one could claim in old regime for general savings .. so rather than putting money in different baskets or claiming deduction from various sources, it‚Äôs best to put the full 1.5 L at one go to your PPF in Apr itself. This helps to make a huge difference in interest that you are going to earn..and your corpus is secure at one place.",n1iprly,CreativeArtist01,111,2025-07-06,SBIN.NS,1,0,True,3,Positive,Positive,bullish,1,1
Still on the fence about passive investing? This one's for you,kgqjvg,2020-12-20,471,"Thanks for helping us with this great article! What is a decent portfolio size to start looking at diversification ? How many satellite funds can be present in the portfolio? Most of these kind of funds are cyclical and requires immense patience to see them grow once cycles end and makes really difficult to plan exit. Well, i made the beginner mistake of multiple satellite funds(nippon, icici pharma and sbi banking and fin) during 2020 and stopped once market peaked in Feb 2021. While i almost regret that but they have made a decent returns.",gxmei0l,Horror_Fruit_007,2,2021-05-10,SBIN.NS,1,0,True,3,Positive,Positive,bullish,1,1
Still on the fence about passive investing? This one's for you,kgqjvg,2020-12-20,471,"u/crimelabs786 this is a nice write-up. I have recently started investing in an index fund and I was planning on moving the others as well. I am pasting my comment from a previous post here hoping to get your thoughts on the same. Let me know whats you thing 29year old, married. \~1.3L per month salary. **Right now my investments are as below:** * Canara Robeco Equity Tax Saver Growth Direct Plan -2,500/month * ICICI Prudential US Bluechip Equity Growth Direct Plan - 9,000/month * L&T Midcap Growth Direct Plan - 5,000/month * SBI Blue Chip Growth Direct Plan - 6,000/month * UTI Nifty Index Growth Direct Plan- 12,000/month * PF employee contribution-10,000/month * PF Employer contribution - 10,000/month **What I am thinking of doing:** * Canara Robeco Equity Tax Saver Growth Direct Plan -2,500/month * ICICI Prudential US Bluechip Equity Growth Direct Plan - 9,000/month * UTI Nifty Index Growth Direct Plan- 13,000/month * UTI Nifty next 50 - 13,000/month * PF will continue as is as it's taken from salary.",gqf2t6t,aswinrulez,1,2021-03-10,SBIN.NS,1,0,True,3,Positive,Positive,bullish,1,1
"Axis Bank has suddenly decided to raise its charges and minimum balance requirements to preposterous levels, what other bank do you suggest?",mj17s3,2021-04-03,424,"SBI is anyways a good choice in comparison to other public banks. I will however, add something which might not be relevant to this threa. Feel free to ignore it. I have 3 bank accounts: ICICI, Indian Bank (Allahabad Bank) and PayTM Payments Bank. I have a wealth account with ICICI so almost everything is free except for debit card fees. Indian Bank because I have a locker with them and PayTM Payments Bank because of FDs and very smooth payments experience. ICICI Bank is the oldest and in 19 years I have not faced any single issue. For me this is the primary account. Indian Bank is pathetic. Bad customer care, bad mobile app which never works and bad branch experience. PayTM Payments Bank is a delight and I keep only 1 lakhs (as it is the limit) for expense payments (UPI, NEFT, IMPS). ICICI bank does not charge for SMS yet (my wife has a normal savings account) but they do have 10K limit. Indian Bank has Rs. 500 limit and PayTM Bank is free except for debit card fees, if you want a physical card. I can vouch for ICICI and PayTM Bank as I never had a problem with them. ----------- These are the signs to come. All private banks will be increasing their service charges and decreasing their interest on savings instruments (heard it from a bank manager) as RBI has tightened the noose and has asked all banks to make digital payments free for all. The safest option right now, for someone who does not want to pay lot of charges, are public sector banks. But there are trade offs.",gt7w79q,gaurav_ch,81,2021-04-03,SBIN.NS,1,0,True,3,Positive,Neutral,bullish,1,0
"Axis Bank has suddenly decided to raise its charges and minimum balance requirements to preposterous levels, what other bank do you suggest?",mj17s3,2021-04-03,424,"Like you, i also use axis bank as primary bank as it was my first salary account, i have been a priority customer of them for over a decade now. Haven't had any charges charged and I don't think these changes apply to priority customers. Whenever I visited the nearest branch, have been able to get things done easily. Unlike my experience in karnataka bank or sbi bank.",gt7x86u,darthveda,10,2021-04-03,SBIN.NS,1,0,True,2,Positive,Positive,bullish,1,1
"AMA with the Zerodha core team - August 2, 2025",1mfhax9,2025-08-02,383,"My dad had two demat accounts under HDFC and SBI. Although there were nominations in both, it was a big hassle trying to complete the process. The issues that I faced were- 1. No one-stop information centre on how the nominee can claim it. 2. No one-stop information centre on how the nominee after transferring the deceased's assets get information on buy price, buy date etc. This made me vow to stay away from SBI and HDFC's brokerage entities even tho we had a relationship value of 10Cr+ with both. Please make sure you have those two information available somewhere very accessible and if possible please do let new onboarders know about it.",n6hpe9l,lizrojer,2,2025-08-02,SBIN.NS,2,0,True,2,Positive,Positive,bullish,1,1
BIG news - HDFC Bank gets dinged big time for outages,k5rve9,2020-12-03,365,"To those saying HDFC Bank/SBI don‚Äôt invest in IT - they are probably one of the biggest spenders on IT in India. Their expenditure on IT would be greater than most Indian fintechs combined. The problem is they are filled with mostly incompetent people who have no accountability. They would rather spend millions with Oracle/IBM because of their relationships, than innovate & take help of Indian fintech/IT ecosystem. Source: I have consulted at most of the major banks in India.",gehysda,audacious_hrt,11,2020-12-03,SBIN.NS,1,0,True,3,Positive,Positive,bullish,1,1
BIG news - HDFC Bank gets dinged big time for outages,k5rve9,2020-12-03,365,"thats the dumbest analysis i heard. Outages dont drive customers away, if thats a reason SBI & YesBank would be ded by now. hacking & loss of money would lead to customer loss, bad loans is big news. not outages.",gehf7sc,[deleted],5,2020-12-03,SBIN.NS,1,0,True,2,Negative,Negative,bearish,-1,-1
